Workbook

Sheet 年合计
A1: 开始日期：2025/12/1
A4: 类别 | B4: 种类 | C4: 数量 | D4: 金额 | E4: 持续时间
A5: 装备 | B5: 球线 | C5: =COUNTIF(装备明细!$B$2:$B$100,B5) -> 7 | D5: =SUMIFS(装备明细!$D$2:$D$100,装备明细!$B$2:$B$100,B5) -> 425 | E5: /
B6: 球拍 | C6: =COUNTIF(装备明细!$B$2:$B$100,B6) -> 0 | D6: =SUMIFS(装备明细!$D$2:$D$100,装备明细!$B$2:$B$100,B6) -> 0 | E6: /
B7: 服饰 | C7: =COUNTIF(装备明细!$B$2:$B$100,B7) -> 0 | D7: =SUMIFS(装备明细!$D$2:$D$100,装备明细!$B$2:$B$100,B7) -> 0 | E7: /
B8: 羽毛球 | C8: =COUNTIF(装备明细!$B$2:$B$100,B8) -> 1 | D8: =SUMIFS(装备明细!$D$2:$D$100,装备明细!$B$2:$B$100,B8) -> 100 | E8: /
B9: 其余配件 | C9: =COUNTIF(装备明细!$B$2:$B$100,B9) -> 0 | D9: =SUMIFS(装备明细!$D$2:$D$100,装备明细!$B$2:$B$100,B9) -> 0 | E9: /
B10: 合计 | C10: =SUM(C5:C9) -> 8 | D10: =SUM(D5:D9) -> 525 | E10: /
A11: 运动记录 | B11: 单打 | C11: / | D11: =运动数据合计!C3 -> 522.25 | E11: =运动数据合计!B3 -> 16
B12: 双打 | C12: / | D12: =运动数据合计!C4 -> 221.39 | E12: =运动数据合计!B4 -> 15
B13: 练球 | C13: / | D13: =运动数据合计!C5 -> 327 | E13: =运动数据合计!B5 -> 16
B14: 合计 | C14: / | D14: =SUM(D11:D13) -> 1070.64 | E14: =SUM(E11:E13) -> 47
A15: 合计 | D15: =D10+D14 -> 1595.64

Sheet 运动数据合计
A1: 类型 | B1: 持续时间 | C1: 金额 | D1: 时间段统计
D2: 早上 | E2: 中午 | F2: 下午 | G2: 晚上
A3: 单打 | B3: =SUMIFS(运动日明细!$H$2:$H$104,运动日明细!$F$2:$F$104,A3) -> 16 | C3: =SUMIFS(运动日明细!$G$2:$G$104,运动日明细!$F$2:$F$104,A3) -> 522.25 | D3: =SUMIFS(运动日明细!$H$2:$H$104, 运动日明细!$F$2:$F$104, $A3, 运动日明细!$I$2:$I$104, $D$2) -> 0 | E3: =SUMIFS(运动日明细!$H$2:$H$104, 运动日明细!$F$2:$F$104, $A3, 运动日明细!$I$2:$I$104, $E$2) -> 1 | F3: =SUMIFS(运动日明细!$H$2:$H$104, 运动日明细!$F$2:$F$104, $A3, 运动日明细!$I$2:$I$104, $F$2) -> 0 | G3: =SUMIFS(运动日明细!$H$2:$H$104, 运动日明细!$F$2:$F$104, $A3, 运动日明细!$I$2:$I$104, $G$2) -> 15
A4: 双打 | B4: =SUMIFS(运动日明细!$H$2:$H$104,运动日明细!$F$2:$F$104,A4) -> 15 | C4: =SUMIFS(运动日明细!$G$2:$G$104,运动日明细!$F$2:$F$104,A4) -> 221.39 | D4: =SUMIFS(运动日明细!$H$2:$H$104, 运动日明细!$F$2:$F$104, $A4, 运动日明细!$I$2:$I$104, $D$2) -> 0 | E4: =SUMIFS(运动日明细!$H$2:$H$104, 运动日明细!$F$2:$F$104, $A4, 运动日明细!$I$2:$I$104, $E$2) -> 4 | F4: =SUMIFS(运动日明细!$H$2:$H$104, 运动日明细!$F$2:$F$104, $A4, 运动日明细!$I$2:$I$104, $F$2) -> 5 | G4: =SUMIFS(运动日明细!$H$2:$H$104, 运动日明细!$F$2:$F$104, $A4, 运动日明细!$I$2:$I$104, $G$2) -> 6
A5: 练球 | B5: =SUMIFS(运动日明细!$H$2:$H$104,运动日明细!$F$2:$F$104,A5) -> 16 | C5: =SUMIFS(运动日明细!$G$2:$G$104,运动日明细!$F$2:$F$104,A5) -> 327 | D5: =SUMIFS(运动日明细!$H$2:$H$104, 运动日明细!$F$2:$F$104, $A5, 运动日明细!$I$2:$I$104, $D$2) -> 14 | E5: =SUMIFS(运动日明细!$H$2:$H$104, 运动日明细!$F$2:$F$104, $A5, 运动日明细!$I$2:$I$104, $E$2) -> 2 | F5: =SUMIFS(运动日明细!$H$2:$H$104, 运动日明细!$F$2:$F$104, $A5, 运动日明细!$I$2:$I$104, $F$2) -> 0 | G5: =SUMIFS(运动日明细!$H$2:$H$104, 运动日明细!$F$2:$F$104, $A5, 运动日明细!$I$2:$I$104, $G$2) -> 0
A6: 合计 | B6: =SUM(B3:B5) -> 47 | C6: =SUM(C3:C5) -> 1070.64 | D6: /

Sheet 周运动数据统计
A1: 日期 | B1: 周数 | C1: 日期范围 | E1: 持续时间 | I1: 金额
E2: 单打 | F2: 双打 | G2: 练球 | H2: 总时长
A3: 2025 | B3: 49 | C3: =DATE(A3,1,1) - WEEKDAY(DATE(A3,1,1),2) + (B3-1)*7 + 1 -> 45992 | D3: =DATE(A3,1,1) - WEEKDAY(DATE(A3,1,1),2) + (B3-1)*7 + 7 -> 45998 | E3: =SUMIFS( 运动日明细!$H:$H, 运动日明细!$C:$C, $B3, 运动日明细!$F:$F, E$2, 运动日明细!$A:$A, $A3 ) -> 3 | F3: =SUMIFS( 运动日明细!$H:$H, 运动日明细!$C:$C, $B3, 运动日明细!$F:$F, F$2, 运动日明细!$A:$A, $A3 ) -> 0 | G3: =SUMIFS( 运动日明细!$H:$H, 运动日明细!$C:$C, $B3, 运动日明细!$F:$F, G$2, 运动日明细!$A:$A, $A3 ) -> 2 | H3: =SUM(E3:G3) -> 5 | I3: =SUMIFS( 运动日明细!$G:$G, 运动日明细!$C:$C, $B3, 运动日明细!$A:$A, $A3 ) -> 144.25
A4: 2025 | B4: 50 | C4: =DATE(A4,1,1) - WEEKDAY(DATE(A4,1,1),2) + (B4-1)*7 + 1 -> 45999 | D4: =DATE(A4,1,1) - WEEKDAY(DATE(A4,1,1),2) + (B4-1)*7 + 7 -> 46005 | E4: =SUMIFS( 运动日明细!$H:$H, 运动日明细!$C:$C, $B4, 运动日明细!$F:$F, E$2, 运动日明细!$A:$A, $A4 ) -> 1 | F4: =SUMIFS( 运动日明细!$H:$H, 运动日明细!$C:$C, $B4, 运动日明细!$F:$F, F$2, 运动日明细!$A:$A, $A4 ) -> 2 | G4: =SUMIFS( 运动日明细!$H:$H, 运动日明细!$C:$C, $B4, 运动日明细!$F:$F, G$2, 运动日明细!$A:$A, $A4 ) -> 2 | H4: =SUM(E4:G4) -> 5 | I4: =SUMIFS( 运动日明细!$G:$G, 运动日明细!$C:$C, $B4, 运动日明细!$A:$A, $A4 ) -> 102.5
A5: 2025 | B5: 51 | C5: =DATE(A5,1,1) - WEEKDAY(DATE(A5,1,1),2) + (B5-1)*7 + 1 -> 46006 | D5: =DATE(A5,1,1) - WEEKDAY(DATE(A5,1,1),2) + (B5-1)*7 + 7 -> 46012 | E5: =SUMIFS( 运动日明细!$H:$H, 运动日明细!$C:$C, $B5, 运动日明细!$F:$F, E$2, 运动日明细!$A:$A, $A5 ) -> 1 | F5: =SUMIFS( 运动日明细!$H:$H, 运动日明细!$C:$C, $B5, 运动日明细!$F:$F, F$2, 运动日明细!$A:$A, $A5 ) -> 2 | G5: =SUMIFS( 运动日明细!$H:$H, 运动日明细!$C:$C, $B5, 运动日明细!$F:$F, G$2, 运动日明细!$A:$A, $A5 ) -> 2 | H5: =SUM(E5:G5) -> 5 | I5: =SUMIFS( 运动日明细!$G:$G, 运动日明细!$C:$C, $B5, 运动日明细!$A:$A, $A5 ) -> 88.92
A6: 2025 | B6: 52 | C6: =DATE(A6,1,1) - WEEKDAY(DATE(A6,1,1),2) + (B6-1)*7 + 1 -> 46013 | D6: =DATE(A6,1,1) - WEEKDAY(DATE(A6,1,1),2) + (B6-1)*7 + 7 -> 46019 | E6: =SUMIFS( 运动日明细!$H:$H, 运动日明细!$C:$C, $B6, 运动日明细!$F:$F, E$2, 运动日明细!$A:$A, $A6 ) -> 0 | F6: =SUMIFS( 运动日明细!$H:$H, 运动日明细!$C:$C, $B6, 运动日明细!$F:$F, F$2, 运动日明细!$A:$A, $A6 ) -> 0 | G6: =SUMIFS( 运动日明细!$H:$H, 运动日明细!$C:$C, $B6, 运动日明细!$F:$F, G$2, 运动日明细!$A:$A, $A6 ) -> 2 | H6: =SUM(E6:G6) -> 2 | I6: =SUMIFS( 运动日明细!$G:$G, 运动日明细!$C:$C, $B6, 运动日明细!$A:$A, $A6 ) -> 22.75
A7: 2025 | B7: 53 | C7: =DATE(A7,1,1) - WEEKDAY(DATE(A7,1,1),2) + (B7-1)*7 + 1 -> 46020 | D7: =DATE(A7,1,1) - WEEKDAY(DATE(A7,1,1),2) + (B7-1)*7 + 7 -> 46026 | E7: =SUMIFS( 运动日明细!$H:$H, 运动日明细!$C:$C, $B7, 运动日明细!$F:$F, E$2, 运动日明细!$A:$A, $A7 ) -> 0 | F7: =SUMIFS( 运动日明细!$H:$H, 运动日明细!$C:$C, $B7, 运动日明细!$F:$F, F$2, 运动日明细!$A:$A, $A7 ) -> 2 | G7: =SUMIFS( 运动日明细!$H:$H, 运动日明细!$C:$C, $B7, 运动日明细!$F:$F, G$2, 运动日明细!$A:$A, $A7 ) -> 0 | H7: =SUM(E7:G7) -> 2 | I7: =SUMIFS( 运动日明细!$G:$G, 运动日明细!$C:$C, $B7, 运动日明细!$A:$A, $A7 ) -> 28.87
A8: 2026 | B8: 1 | C8: =DATE(A8,1,1) - WEEKDAY(DATE(A8,1,1),2) + (B8-1)*7 + 1 -> 46020 | D8: =DATE(A8,1,1) - WEEKDAY(DATE(A8,1,1),2) + (B8-1)*7 + 7 -> 46026 | E8: =SUMIFS( 运动日明细!$H:$H, 运动日明细!$C:$C, $B8, 运动日明细!$F:$F, E$2, 运动日明细!$A:$A, $A8 ) -> 0 | F8: =SUMIFS( 运动日明细!$H:$H, 运动日明细!$C:$C, $B8, 运动日明细!$F:$F, F$2, 运动日明细!$A:$A, $A8 ) -> 5 | G8: =SUMIFS( 运动日明细!$H:$H, 运动日明细!$C:$C, $B8, 运动日明细!$F:$F, G$2, 运动日明细!$A:$A, $A8 ) -> 0 | H8: =SUM(E8:G8) -> 5 | I8: =SUMIFS( 运动日明细!$G:$G, 运动日明细!$C:$C, $B8, 运动日明细!$A:$A, $A8 ) -> 79.1
A9: 2026 | B9: 2 | C9: =DATE(A9,1,1) - WEEKDAY(DATE(A9,1,1),2) + (B9-1)*7 + 1 -> 46027 | D9: =DATE(A9,1,1) - WEEKDAY(DATE(A9,1,1),2) + (B9-1)*7 + 7 -> 46033 | E9: =SUMIFS( 运动日明细!$H:$H, 运动日明细!$C:$C, $B9, 运动日明细!$F:$F, E$2, 运动日明细!$A:$A, $A9 ) -> 2 | F9: =SUMIFS( 运动日明细!$H:$H, 运动日明细!$C:$C, $B9, 运动日明细!$F:$F, F$2, 运动日明细!$A:$A, $A9 ) -> 0 | G9: =SUMIFS( 运动日明细!$H:$H, 运动日明细!$C:$C, $B9, 运动日明细!$F:$F, G$2, 运动日明细!$A:$A, $A9 ) -> 2 | H9: =SUM(E9:G9) -> 4 | I9: =SUMIFS( 运动日明细!$G:$G, 运动日明细!$C:$C, $B9, 运动日明细!$A:$A, $A9 ) -> 70.84
A10: 2026 | B10: 3 | C10: =DATE(A10,1,1) - WEEKDAY(DATE(A10,1,1),2) + (B10-1)*7 + 1 -> 46034 | D10: =DATE(A10,1,1) - WEEKDAY(DATE(A10,1,1),2) + (B10-1)*7 + 7 -> 46040 | E10: =SUMIFS( 运动日明细!$H:$H, 运动日明细!$C:$C, $B10, 运动日明细!$F:$F, E$2, 运动日明细!$A:$A, $A10 ) -> 2 | F10: =SUMIFS( 运动日明细!$H:$H, 运动日明细!$C:$C, $B10, 运动日明细!$F:$F, F$2, 运动日明细!$A:$A, $A10 ) -> 2 | G10: =SUMIFS( 运动日明细!$H:$H, 运动日明细!$C:$C, $B10, 运动日明细!$F:$F, G$2, 运动日明细!$A:$A, $A10 ) -> 4 | H10: =SUM(E10:G10) -> 8 | I10: =SUMIFS( 运动日明细!$G:$G, 运动日明细!$C:$C, $B10, 运动日明细!$A:$A, $A10 ) -> 136.67
A11: 2026 | B11: 4 | C11: =DATE(A11,1,1) - WEEKDAY(DATE(A11,1,1),2) + (B11-1)*7 + 1 -> 46041 | D11: =DATE(A11,1,1) - WEEKDAY(DATE(A11,1,1),2) + (B11-1)*7 + 7 -> 46047 | E11: =SUMIFS( 运动日明细!$H:$H, 运动日明细!$C:$C, $B11, 运动日明细!$F:$F, E$2, 运动日明细!$A:$A, $A11 ) -> 4 | F11: =SUMIFS( 运动日明细!$H:$H, 运动日明细!$C:$C, $B11, 运动日明细!$F:$F, F$2, 运动日明细!$A:$A, $A11 ) -> 0 | G11: =SUMIFS( 运动日明细!$H:$H, 运动日明细!$C:$C, $B11, 运动日明细!$F:$F, G$2, 运动日明细!$A:$A, $A11 ) -> 2 | H11: =SUM(E11:G11) -> 6 | I11: =SUMIFS( 运动日明细!$G:$G, 运动日明细!$C:$C, $B11, 运动日明细!$A:$A, $A11 ) -> 298.23
A12: 2026 | B12: 5 | C12: =DATE(A12,1,1) - WEEKDAY(DATE(A12,1,1),2) + (B12-1)*7 + 1 -> 46048 | D12: =DATE(A12,1,1) - WEEKDAY(DATE(A12,1,1),2) + (B12-1)*7 + 7 -> 46054 | E12: =SUMIFS( 运动日明细!$H:$H, 运动日明细!$C:$C, $B12, 运动日明细!$F:$F, E$2, 运动日明细!$A:$A, $A12 ) -> 2 | F12: =SUMIFS( 运动日明细!$H:$H, 运动日明细!$C:$C, $B12, 运动日明细!$F:$F, F$2, 运动日明细!$A:$A, $A12 ) -> 0 | G12: =SUMIFS( 运动日明细!$H:$H, 运动日明细!$C:$C, $B12, 运动日明细!$F:$F, G$2, 运动日明细!$A:$A, $A12 ) -> 0 | H12: =SUM(E12:G12) -> 2 | I12: =SUMIFS( 运动日明细!$G:$G, 运动日明细!$C:$C, $B12, 运动日明细!$A:$A, $A12 ) -> 60.51
A13: 2026 | B13: 6 | C13: =DATE(A13,1,1) - WEEKDAY(DATE(A13,1,1),2) + (B13-1)*7 + 1 -> 46055 | D13: =DATE(A13,1,1) - WEEKDAY(DATE(A13,1,1),2) + (B13-1)*7 + 7 -> 46061 | E13: =SUMIFS( 运动日明细!$H:$H, 运动日明细!$C:$C, $B13, 运动日明细!$F:$F, E$2, 运动日明细!$A:$A, $A13 ) -> 1 | F13: =SUMIFS( 运动日明细!$H:$H, 运动日明细!$C:$C, $B13, 运动日明细!$F:$F, F$2, 运动日明细!$A:$A, $A13 ) -> 2 | G13: =SUMIFS( 运动日明细!$H:$H, 运动日明细!$C:$C, $B13, 运动日明细!$F:$F, G$2, 运动日明细!$A:$A, $A13 ) -> 0 | H13: =SUM(E13:G13) -> 3 | I13: =SUMIFS( 运动日明细!$G:$G, 运动日明细!$C:$C, $B13, 运动日明细!$A:$A, $A13 ) -> 38
A14: 2026 | B14: 7 | C14: =DATE(A14,1,1) - WEEKDAY(DATE(A14,1,1),2) + (B14-1)*7 + 1 -> 46062 | D14: =DATE(A14,1,1) - WEEKDAY(DATE(A14,1,1),2) + (B14-1)*7 + 7 -> 46068 | E14: =SUMIFS( 运动日明细!$H:$H, 运动日明细!$C:$C, $B14, 运动日明细!$F:$F, E$2, 运动日明细!$A:$A, $A14 ) -> 0 | F14: =SUMIFS( 运动日明细!$H:$H, 运动日明细!$C:$C, $B14, 运动日明细!$F:$F, F$2, 运动日明细!$A:$A, $A14 ) -> 0 | G14: =SUMIFS( 运动日明细!$H:$H, 运动日明细!$C:$C, $B14, 运动日明细!$F:$F, G$2, 运动日明细!$A:$A, $A14 ) -> 0 | H14: =SUM(E14:G14) -> 0 | I14: =SUMIFS( 运动日明细!$G:$G, 运动日明细!$C:$C, $B14, 运动日明细!$A:$A, $A14 ) -> 0
... A60: 2026 | B60: 53 | C60: =DATE(A60,1,1) - WEEKDAY(DATE(A60,1,1),2) + (B60-1)*7 + 1 -> 46384 | D60: =DATE(A60,1,1) - WEEKDAY(DATE(A60,1,1),2) + (B60-1)*7 + 7 -> 46390 | E60: =SUMIFS( 运动日明细!$H:$H, 运动日明细!$C:$C, $B60, 运动日明细!$F:$F, E$2, 运动日明细!$A:$A, $A60 ) -> 0 | F60: =SUMIFS( 运动日明细!$H:$H, 运动日明细!$C:$C, $B60, 运动日明细!$F:$F, F$2, 运动日明细!$A:$A, $A60 ) -> 0 | G60: =SUMIFS( 运动日明细!$H:$H, 运动日明细!$C:$C, $B60, 运动日明细!$F:$F, G$2, 运动日明细!$A:$A, $A60 ) -> 0 | H60: =SUM(E60:G60) -> 0 | I60: =SUMIFS( 运动日明细!$G:$G, 运动日明细!$C:$C, $B60, 运动日明细!$A:$A, $A60 ) -> 0

Sheet 装备明细
A1: 日期 | B1: 类型 | C1: 型号 | D1: 金额 | E1: 说明
A2: 45979 | B2: 球线 | C2: BG80 | D2: 70 | E2: 90KM
A3: 45986 | B3: 球线 | C3: BG80 | D3: 70 | E3: ZSP
A4: 45986 | B4: 球线 | C4: AB | D4: 75 | E4: 黑金隼
A5: 46016 | B5: 球线 | C5: BG80 | D5: 30 | E5: ZSP
A6: 46016 | B6: 球线 | C6: VBS63 | D6: 40 | E6: 90KM
A7: 46040 | B7: 球线 | C7: Exbolt68 | D7: 70 | E7: ZSP
A8: 46040 | B8: 球线 | C8: Exbolt68 | D8: 70 | E8: 黑金隼
A9: 46033 | B9: 羽毛球 | C9: 咸鱼训练球 | D9: 100 | E9: 100颗训练旧球

Sheet 运动日明细
A1: 年份 | B1: 日期 | C1: 周数 | D1: 时间 | F1: 类型 | G1: 金额 | H1: 持续时间 | I1: 时间段 | J1: 备注
A2: =YEAR(B2) -> 2025 | B2: 45992 | C2: =WEEKNUM(B2,2) -> 49 | D2: 0.54166667 | E2: 0.58333333 | F2: 单打 | G2: 38 | H2: =ABS(E2-D2)*24 -> 1 | I2: =IF(AND(HOUR(D2)>=7,HOUR(D2)<11),"早上", IF(AND(HOUR(D2)>=11,HOUR(D2)<14),"中午", IF(AND(HOUR(D2)>=14,HOUR(D2)<18),"下午", IF(AND(HOUR(D2)>=18,HOUR(D2)<24),"晚上","Null")))) -> 中午
A3: =YEAR(B3) -> 2025 | B3: 45992 | C3: =WEEKNUM(B3,2) -> 49 | D3: 0.875 | E3: 0.91666667 | F3: 单打 | G3: 48 | H3: =ABS(E3-D3)*24 -> 1 | I3: =IF(AND(HOUR(D3)>=7,HOUR(D3)<11),"早上", IF(AND(HOUR(D3)>=11,HOUR(D3)<14),"中午", IF(AND(HOUR(D3)>=14,HOUR(D3)<18),"下午", IF(AND(HOUR(D3)>=18,HOUR(D3)<24),"晚上","Null")))) -> 晚上
A4: =YEAR(B4) -> 2025 | B4: 45995 | C4: =WEEKNUM(B4,2) -> 49 | D4: 0.29166667 | E4: 0.375 | F4: 练球 | G4: 15 | H4: =ABS(E4-D4)*24 -> 2 | I4: =IF(AND(HOUR(D4)>=7,HOUR(D4)<11),"早上", IF(AND(HOUR(D4)>=11,HOUR(D4)<14),"中午", IF(AND(HOUR(D4)>=14,HOUR(D4)<18),"下午", IF(AND(HOUR(D4)>=18,HOUR(D4)<24),"晚上","Null")))) -> 早上
A5: =YEAR(B5) -> 2025 | B5: 45996 | C5: =WEEKNUM(B5,2) -> 49 | D5: 0.875 | E5: 0.91666667 | F5: 单打 | G5: 43.25 | H5: =ABS(E5-D5)*24 -> 1 | I5: =IF(AND(HOUR(D5)>=7,HOUR(D5)<11),"早上", IF(AND(HOUR(D5)>=11,HOUR(D5)<14),"中午", IF(AND(HOUR(D5)>=14,HOUR(D5)<18),"下午", IF(AND(HOUR(D5)>=18,HOUR(D5)<24),"晚上","Null")))) -> 晚上
A6: =YEAR(B6) -> 2025 | B6: 45999 | C6: =WEEKNUM(B6,2) -> 50 | D6: 0.875 | E6: 0.91666667 | F6: 单打 | G6: 43 | H6: =ABS(E6-D6)*24 -> 1 | I6: =IF(AND(HOUR(D6)>=7,HOUR(D6)<11),"早上", IF(AND(HOUR(D6)>=11,HOUR(D6)<14),"中午", IF(AND(HOUR(D6)>=14,HOUR(D6)<18),"下午", IF(AND(HOUR(D6)>=18,HOUR(D6)<24),"晚上","Null")))) -> 晚上
A7: =YEAR(B7) -> 2025 | B7: 46001 | C7: =WEEKNUM(B7,2) -> 50 | D7: 0.29166667 | E7: 0.375 | F7: 练球 | G7: 35.5 | H7: =ABS(E7-D7)*24 -> 2 | I7: =IF(AND(HOUR(D7)>=7,HOUR(D7)<11),"早上", IF(AND(HOUR(D7)>=11,HOUR(D7)<14),"中午", IF(AND(HOUR(D7)>=14,HOUR(D7)<18),"下午", IF(AND(HOUR(D7)>=18,HOUR(D7)<24),"晚上","Null")))) -> 早上
A8: =YEAR(B8) -> 2025 | B8: 46002 | C8: =WEEKNUM(B8,2) -> 50 | D8: 0.5 | E8: 0.58333333 | F8: 双打 | G8: 24 | H8: =ABS(E8-D8)*24 -> 2 | I8: =IF(AND(HOUR(D8)>=7,HOUR(D8)<11),"早上", IF(AND(HOUR(D8)>=11,HOUR(D8)<14),"中午", IF(AND(HOUR(D8)>=14,HOUR(D8)<18),"下午", IF(AND(HOUR(D8)>=18,HOUR(D8)<24),"晚上","Null")))) -> 中午
A9: =YEAR(B9) -> 2025 | B9: 46006 | C9: =WEEKNUM(B9,2) -> 51 | D9: 0.5 | E9: 0.58333333 | F9: 练球 | G9: 22.5 | H9: =ABS(E9-D9)*24 -> 2 | I9: =IF(AND(HOUR(D9)>=7,HOUR(D9)<11),"早上", IF(AND(HOUR(D9)>=11,HOUR(D9)<14),"中午", IF(AND(HOUR(D9)>=14,HOUR(D9)<18),"下午", IF(AND(HOUR(D9)>=18,HOUR(D9)<24),"晚上","Null")))) -> 中午
A10: =YEAR(B10) -> 2025 | B10: 46011 | C10: =WEEKNUM(B10,2) -> 51 | D10: 0.5 | E10: 0.58333333 | F10: 双打 | G10: 25.67 | H10: =ABS(E10-D10)*24 -> 2 | I10: =IF(AND(HOUR(D10)>=7,HOUR(D10)<11),"早上", IF(AND(HOUR(D10)>=11,HOUR(D10)<14),"中午", IF(AND(HOUR(D10)>=14,HOUR(D10)<18),"下午", IF(AND(HOUR(D10)>=18,HOUR(D10)<24),"晚上","Null")))) -> 中午 | J10: zsp 单线区断线
A11: =YEAR(B11) -> 2025 | B11: 46012 | C11: =WEEKNUM(B11,2) -> 51 | D11: 0.875 | E11: 0.91666667 | F11: 单打 | G11: 40.75 | H11: =ABS(E11-D11)*24 -> 1 | I11: =IF(AND(HOUR(D11)>=7,HOUR(D11)<11),"早上", IF(AND(HOUR(D11)>=11,HOUR(D11)<14),"中午", IF(AND(HOUR(D11)>=14,HOUR(D11)<18),"下午", IF(AND(HOUR(D11)>=18,HOUR(D11)<24),"晚上","Null")))) -> 晚上 | J11: 90km 单线区断线
A12: =YEAR(B12) -> 2025 | B12: 46015 | C12: =WEEKNUM(B12,2) -> 52 | D12: 0.29166667 | E12: 0.375 | F12: 练球 | G12: 22.75 | H12: =ABS(E12-D12)*24 -> 2 | I12: =IF(AND(HOUR(D12)>=7,HOUR(D12)<11),"早上", IF(AND(HOUR(D12)>=11,HOUR(D12)<14),"中午", IF(AND(HOUR(D12)>=14,HOUR(D12)<18),"下午", IF(AND(HOUR(D12)>=18,HOUR(D12)<24),"晚上","Null")))) -> 早上
A13: =YEAR(B13) -> 2025 | B13: 46021 | C13: =WEEKNUM(B13,2) -> 53 | D13: 0.83333333 | E13: 0.91666667 | F13: 双打 | G13: 28.87 | H13: =ABS(E13-D13)*24 -> 2 | I13: =IF(AND(HOUR(D13)>=7,HOUR(D13)<11),"早上", IF(AND(HOUR(D13)>=11,HOUR(D13)<14),"中午", IF(AND(HOUR(D13)>=14,HOUR(D13)<18),"下午", IF(AND(HOUR(D13)>=18,HOUR(D13)<24),"晚上","Null")))) -> 晚上 | J13: 6人双打，亚C
A14: =YEAR(B14) -> 2026 | B14: 46023 | C14: =WEEKNUM(B14,2) -> 1 | D14: 0.625 | E14: 0.75 | F14: 双打 | G14: 54.37 | H14: =ABS(E14-D14)*24 -> 3 | I14: =IF(AND(HOUR(D14)>=7,HOUR(D14)<11),"早上", IF(AND(HOUR(D14)>=11,HOUR(D14)<14),"中午", IF(AND(HOUR(D14)>=14,HOUR(D14)<18),"下午", IF(AND(HOUR(D14)>=18,HOUR(D14)<24),"晚上","Null")))) -> 下午 | J14: 16人3场地
A15: =YEAR(B15) -> 2026 | B15: 46025 | C15: =WEEKNUM(B15,2) -> 1 | D15: 0.83333333 | E15: 0.91666667 | F15: 双打 | G15: 24.73 | H15: =ABS(E15-D15)*24 -> 2 | I15: =IF(AND(HOUR(D15)>=7,HOUR(D15)<11),"早上", IF(AND(HOUR(D15)>=11,HOUR(D15)<14),"中午", IF(AND(HOUR(D15)>=14,HOUR(D15)<18),"下午", IF(AND(HOUR(D15)>=18,HOUR(D15)<24),"晚上","Null")))) -> 晚上 | J15: 4人混双
A16: =YEAR(B16) -> 2026 | B16: 46028 | C16: =WEEKNUM(B16,2) -> 2 | D16: 0.83333333 | E16: 0.91666667 | F16: 单打 | G16: 55.84 | H16: =ABS(E16-D16)*24 -> 2 | I16: =IF(AND(HOUR(D16)>=7,HOUR(D16)<11),"早上", IF(AND(HOUR(D16)>=11,HOUR(D16)<14),"中午", IF(AND(HOUR(D16)>=14,HOUR(D16)<18),"下午", IF(AND(HOUR(D16)>=18,HOUR(D16)<24),"晚上","Null")))) -> 晚上 | J16: 3人轮单，亚C
A17: 2026 | B17: 46031 | C17: =WEEKNUM(B17,2) -> 2 | D17: 0.29166667 | E17: 0.375 | F17: 练球 | G17: 15 | H17: =ABS(E17-D17)*24 -> 2 | I17: =IF(AND(HOUR(D17)>=7,HOUR(D17)<11),"早上", IF(AND(HOUR(D17)>=11,HOUR(D17)<14),"中午", IF(AND(HOUR(D17)>=14,HOUR(D17)<18),"下午", IF(AND(HOUR(D17)>=18,HOUR(D17)<24),"晚上","Null")))) -> 早上 | J17: 黑金隼磨断线
A18: 2026 | B18: 46034 | C18: =WEEKNUM(B18,2) -> 3 | D18: 0.29166667 | E18: 0.375 | F18: 练球 | G18: 23.5 | H18: =ABS(E18-D18)*24 -> 2 | I18: =IF(AND(HOUR(D18)>=7,HOUR(D18)<11),"早上", IF(AND(HOUR(D18)>=11,HOUR(D18)<14),"中午", IF(AND(HOUR(D18)>=14,HOUR(D18)<18),"下午", IF(AND(HOUR(D18)>=18,HOUR(D18)<24),"晚上","Null")))) -> 早上
A19: 2026 | B19: 46035 | C19: =WEEKNUM(B19,2) -> 3 | D19: 0.29166667 | E19: 0.375 | F19: 练球 | G19: 22.75 | H19: =ABS(E19-D19)*24 -> 2 | I19: =IF(AND(HOUR(D19)>=7,HOUR(D19)<11),"早上", IF(AND(HOUR(D19)>=11,HOUR(D19)<14),"中午", IF(AND(HOUR(D19)>=14,HOUR(D19)<18),"下午", IF(AND(HOUR(D19)>=18,HOUR(D19)<24),"晚上","Null")))) -> 早上
A20: 2026 | B20: 46039 | C20: =WEEKNUM(B20,2) -> 3 | D20: 0.83333333 | E20: 0.91666667 | F20: 双打 | G20: 41.25 | H20: =ABS(E20-D20)*24 -> 2 | I20: =IF(AND(HOUR(D20)>=7,HOUR(D20)<11),"早上", IF(AND(HOUR(D20)>=11,HOUR(D20)<14),"中午", IF(AND(HOUR(D20)>=14,HOUR(D20)<18),"下午", IF(AND(HOUR(D20)>=18,HOUR(D20)<24),"晚上","Null")))) -> 晚上 | J20: 4人双打，zsp 单线区断线
A21: 2026 | B21: 46040 | C21: =WEEKNUM(B21,2) -> 3 | D21: 0.79166667 | E21: 0.875 | F21: 单打 | G21: 49.17 | H21: =ABS(E21-D21)*24 -> 2 | I21: =IF(AND(HOUR(D21)>=7,HOUR(D21)<11),"早上", IF(AND(HOUR(D21)>=11,HOUR(D21)<14),"中午", IF(AND(HOUR(D21)>=14,HOUR(D21)<18),"下午", IF(AND(HOUR(D21)>=18,HOUR(D21)<24),"晚上","Null")))) -> 晚上
A22: 2026 | B22: 46042 | C22: =WEEKNUM(B22,2) -> 4 | D22: 0.29166667 | E22: 0.375 | F22: 练球 | G22: 170 | H22: =ABS(E22-D22)*24 -> 2 | I22: =IF(AND(HOUR(D22)>=7,HOUR(D22)<11),"早上", IF(AND(HOUR(D22)>=11,HOUR(D22)<14),"中午", IF(AND(HOUR(D22)>=14,HOUR(D22)<18),"下午", IF(AND(HOUR(D22)>=18,HOUR(D22)<24),"晚上","Null")))) -> 早上 | J22: 丢失一桶球（10颗）155
A23: 2026 | B23: 46042 | C23: =WEEKNUM(B23,2) -> 4 | D23: 0.875 | E23: 0.91666667 | F23: 单打 | G23: 39 | H23: =ABS(E23-D23)*24 -> 1 | I23: =IF(AND(HOUR(D23)>=7,HOUR(D23)<11),"早上", IF(AND(HOUR(D23)>=11,HOUR(D23)<14),"中午", IF(AND(HOUR(D23)>=14,HOUR(D23)<18),"下午", IF(AND(HOUR(D23)>=18,HOUR(D23)<24),"晚上","Null")))) -> 晚上
A24: 2026 | B24: 46045 | C24: =WEEKNUM(B24,2) -> 4 | D24: 0.875 | E24: 0.91666667 | F24: 单打 | G24: 44.22 | H24: =ABS(E24-D24)*24 -> 1 | I24: =IF(AND(HOUR(D24)>=7,HOUR(D24)<11),"早上", IF(AND(HOUR(D24)>=11,HOUR(D24)<14),"中午", IF(AND(HOUR(D24)>=14,HOUR(D24)<18),"下午", IF(AND(HOUR(D24)>=18,HOUR(D24)<24),"晚上","Null")))) -> 晚上
A25: 2026 | B25: 46046 | C25: =WEEKNUM(B25,2) -> 4 | D25: 0.83333333 | E25: 0.91666667 | F25: 单打 | G25: 45.01 | H25: =ABS(E25-D25)*24 -> 2 | I25: =IF(AND(HOUR(D25)>=7,HOUR(D25)<11),"早上", IF(AND(HOUR(D25)>=11,HOUR(D25)<14),"中午", IF(AND(HOUR(D25)>=14,HOUR(D25)<18),"下午", IF(AND(HOUR(D25)>=18,HOUR(D25)<24),"晚上","Null")))) -> 晚上 | J25: 3人轮单，翎美F2
A26: 2026 | B26: 46053 | C26: =WEEKNUM(B26,2) -> 5 | D26: 0.79166667 | E26: 0.875 | F26: 单打 | G26: 60.51 | H26: =ABS(E26-D26)*24 -> 2 | I26: =IF(AND(HOUR(D26)>=7,HOUR(D26)<11),"早上", IF(AND(HOUR(D26)>=11,HOUR(D26)<14),"中午", IF(AND(HOUR(D26)>=14,HOUR(D26)<18),"下午", IF(AND(HOUR(D26)>=18,HOUR(D26)<24),"晚上","Null")))) -> 晚上 | J26: 3人轮单，亚S亚2，zsp 单线区断线
A27: 2026 | B27: 46059 | C27: =WEEKNUM(B27,2) -> 6 | D27: 0.875 | E27: 0.91666667 | F27: 单打 | G27: 15.5 | H27: =ABS(E27-D27)*24 -> 1 | I27: =IF(AND(HOUR(D27)>=7,HOUR(D27)<11),"早上", IF(AND(HOUR(D27)>=11,HOUR(D27)<14),"中午", IF(AND(HOUR(D27)>=14,HOUR(D27)<18),"下午", IF(AND(HOUR(D27)>=18,HOUR(D27)<24),"晚上","Null")))) -> 晚上 | J27: 3人轮单，黑金隼 单线区断线
A28: 2026 | B28: 46060 | C28: =WEEKNUM(B28,2) -> 6 | D28: 0.66666667 | E28: 0.75 | F28: 双打 | G28: 22.5 | H28: =ABS(E28-D28)*24 -> 2 | I28: =IF(AND(HOUR(D28)>=7,HOUR(D28)<11),"早上", IF(AND(HOUR(D28)>=11,HOUR(D28)<14),"中午", IF(AND(HOUR(D28)>=14,HOUR(D28)<18),"下午", IF(AND(HOUR(D28)>=18,HOUR(D28)<24),"晚上","Null")))) -> 下午 | J28: 6人轮双
A29: 2026 | C29: =WEEKNUM(B29,2) -> 1 | H29: =ABS(E29-D29)*24 -> 0 | I29: =IF(AND(HOUR(D29)>=7,HOUR(D29)<11),"早上", IF(AND(HOUR(D29)>=11,HOUR(D29)<14),"中午", IF(AND(HOUR(D29)>=14,HOUR(D29)<18),"下午", IF(AND(HOUR(D29)>=18,HOUR(D29)<24),"晚上","Null")))) -> Null
A30: 2026 | C30: =WEEKNUM(B30,2) -> 1 | H30: =ABS(E30-D30)*24 -> 0 | I30: =IF(AND(HOUR(D30)>=7,HOUR(D30)<11),"早上", IF(AND(HOUR(D30)>=11,HOUR(D30)<14),"中午", IF(AND(HOUR(D30)>=14,HOUR(D30)<18),"下午", IF(AND(HOUR(D30)>=18,HOUR(D30)<24),"晚上","Null")))) -> Null
A31: 2026
A32: 2026
A33: 2026 | G33: =SUM(G14:G28) -> 683.35 | H33: =SUM(H14:H30) -> 28
A34: 2026
A35: 2026
A36: 2026
